<?xml version="1.0" encoding="UTF-8"?>
<beans xmlns="http://www.springframework.org/schema/beans"
       xmlns:xsi="http://www.w3.org/2001/XMLSchema-instance"
       xmlns:context="http://www.springframework.org/schema/context" xmlns:tx="http://www.springframework.org/schema/tx"
       xsi:schemaLocation=
               "http://www.springframework.org/schema/beans
     http://www.springframework.org/schema/beans/spring-beans-4.0.xsd
     http://www.springframework.org/schema/context
     http://www.springframework.org/schema/context/spring-context-4.0.xsd

http://www.springframework.org/schema/tx http://www.springframework.org/schema/tx/spring-tx.xsd"
>

    <context:annotation-config/>
    <context:component-scan base-package="drdm.school.pia.**.*"/>
    <tx:annotation-driven transaction-manager="transactionManager"/>

    <!--
     Replaces all ${placeholders} with values from property files listed in "locations" property
     E.g. postservice.url in apiaryPostServiceClient.
    -->
    <bean id="propertyConfigurer" class="org.springframework.beans.factory.config.PropertyPlaceholderConfigurer">
        <property name="ignoreUnresolvablePlaceholders" value="true"/>
        <property name="locations">
            <list>
                <value>classpath:application.properties</value>
            </list>
        </property>
        <property name="searchSystemEnvironment" value="true" />
        <property name="systemPropertiesModeName" value="SYSTEM_PROPERTIES_MODE_OVERRIDE" />
    </bean>

    <bean id="entityManagerFactory" class="org.springframework.orm.jpa.LocalContainerEntityManagerFactoryBean"
          destroy-method="destroy">

        <property name="dataSource" ref="dataSource" />
        <property name="jpaVendorAdapter" ref="hibernateVendorAdapter"/>
        <property name="packagesToScan" value="drdm.school.pia.domain"/>

        <property name="jpaProperties">
            <props>
                <prop key="hibernate.hbm2ddl.auto">${db.state}</prop>
                <prop key="hibernate.dialect">org.hibernate.dialect.MySQL55Dialect</prop>
                <prop key="hibernate.connection.CharSet">UTF-8</prop>
                <prop key="hibernate.connection.characterEncoding">UTF-8</prop>
                <prop key="hibernate.connection.useUnicode">true</prop>

<!--
                <prop key="openjpa.jdbc.SynchronizeMappings">buildSchema</prop>
                <prop key="show_sql">true</prop>
                <prop key="format_sql">true</prop>-->
            </props>
        </property>
    </bean>

    <bean id="dataSource" class="com.mchange.v2.c3p0.ComboPooledDataSource">
        <property name="driverClass" value="com.mysql.jdbc.Driver" />
        <property name="jdbcUrl" value="${jdbc.url}" />
        <property name="user" value="${jdbc.user}" />
        <property name="password" value="${jdbc.pwd}" />
    </bean>

    <bean id="hibernateVendorAdapter" class="org.springframework.orm.jpa.vendor.HibernateJpaVendorAdapter"/>


    <!-- Transaction manager for a single EntityManagerFactory (alternative to JTA) -->
    <bean id="transactionManager" class="org.springframework.orm.jpa.JpaTransactionManager">
        <property name="entityManagerFactory" ref="entityManagerFactory"/>
    </bean>

    <bean id="persistenceExceptionTranslationPostProcessor" class=
            "org.springframework.dao.annotation.PersistenceExceptionTranslationPostProcessor" />

</beans>
